[{"prefix":"ng-pipe-uppercase","description":"Uppercase pipe","types":"typescript, html","body":["{{ ${variable} | uppercase }}$0"]},{"prefix":"ng-pipe-lowercase","description":"Lowercase pipe","types":"typescript, html","body":["{{ ${variable} | lowercase }$0"]},{"prefix":"ng-pipe-titlecase","description":"v4: Titlecase pipe","types":"typescript, html","body":["{{ ${variable} | titlecase }$0"]},{"prefix":"ng-pipe-date","description":"Date pipe - Default format: 09/15/1971","types":"typescript, html","body":["{{ ${variable} | date }}$0"]},{"prefix":"ng-pipe-date-custom","description":"Date pipe - Format: \"MM/dd/yy\" = 09/15/71","types":"typescript, html","body":["{{ ${variable} | date:\"MM/dd/yy\" }}$0"]},{"prefix":"ng-pipe-date-short","description":"Short date pipe - Format: 09/15/1971","types":"typescript, html","body":["{{ ${variable} | date:shortDate }}$0"]},{"prefix":"ng-pipe-date-full","description":"Full date pipe - Format: Wednesday, September 15, 1971","types":"typescript, html","body":["{{ ${variable} | date:fullDate }}$0"]},{"prefix":"ng-pipe-percent","description":"Percent pipe - Usage: number_expression &#x7c; percent[:digitInfo]","types":"typescript, html","body":["{{ ${variable} | percent:${digitInfo} }}$0"]},{"prefix":"ng-pipe-decimal","description":"Decimal pipe - Usage: number_expression &#x7c; decimal[:digitInfo]","types":"typescript, html","body":["{{ ${variable} | decimal:${digitInfo} }}$0"]},{"prefix":"ng-pipe-slice","description":"Slice pipe - Usage: array_or_string_expression &#x7c; slice:start[:end]","types":"typescript, html","body":["{{ ${variable} | slice:${start}:${end} }}$0"]},{"prefix":"ng-pipe-currency","description":"Currency pipe - Usage: money &#x7c; currency:'EUR'","types":"typescript, html","body":["{{ ${variable} | currency:'${CURRENCY}' }}$0"]},{"prefix":"ng-pipe-json","description":"Json pipe - Usage: object &#x7c; json","types":"typescript, html","body":["{{ ${object} | json }}$0"]},{"prefix":"ng-pipe-async","description":"Async pipe - Usage: observable_or_promise_expression &#x7c; async","types":"typescript, html","body":["{{ ${observable} | async }}$0"]},{"prefix":"ng-router-link","description":"Router link","types":"typescript, html","body":["<a [routerLink]=\"[ '/${path}', ${routeParam} ]\">${name}</a>$0"]},{"prefix":"ng-router-attribute","description":"Router link","types":"typescript, html","body":["[routerLink]=\"[ '/${path}', ${routeParam} ]\"$0"]},{"prefix":"ng-router-linkActive","description":"Router active link","types":"typescript, html","body":["<a [routerLink]=\"[ '/${path}' ]\" routerLinkActive=\"active\">${name}</a>$0"]},{"prefix":"ng-router-outlet","description":"Router outlet element","types":"typescript, html","body":["<router-outlet></router-outlet>","$0"]},{"prefix":"ng-router-outlet-name","description":"Router outlet element with name","types":"typescript, html","body":["<router-outlet name=\"${name}\"></router-outlet>","$0"]},{"prefix":"ng-route-guard-canactivate","description":"CanActivate Guard Route","types":"typescript, html","body":["import { Injectable } from '@angular/core';","import { CanActivate, ActivatedRouteSnapshot, RouterStateSnapshot } from '@angular/router';","import { Observable } from 'rxjs/Observable';","","@Injectable()","export class ${CanActivate}Guard implements CanActivate {","\tcanActivate(","\t\troute: ActivatedRouteSnapshot,","\t\tstate: RouterStateSnapshot","\t): Observable<boolean> | Promise<boolean> | boolean {","\t\treturn true;$0","\t}","}",""]},{"prefix":"ng-route-guard-canactivatechild","description":"CanActivateChild Route","types":"typescript, html","body":["import { Injectable } from '@angular/core';","import { CanActivateChild, ActivatedRouteSnapshot, RouterStateSnapshot } from '@angular/router';","import { Observable } from 'rxjs/Observable';","","@Injectable()","export class ${CanActivateChild}Guard implements CanActivateChild {","\tcanActivateChild(","\t\troute: ActivatedRouteSnapshot,","\t\tstate: RouterStateSnapshot","\t): Observable<boolean> | Promise<boolean> | boolean {","\t\treturn true;$0","\t}","}",""]},{"prefix":"ng-route-guard-resolve","description":"Resolve Guard Route","types":"typescript, html","body":["import { Injectable } from '@angular/core';","import { Resolve, ActivatedRouteSnapshot, RouterStateSnapshot } from '@angular/router';","import { Observable } from 'rxjs/Observable';","","@Injectable()","export class ${Resolve}Guard implements Resolve<${T}> {","\tresolve(","\t\troute: ActivatedRouteSnapshot,","\t\tstate: RouterStateSnapshot","\t): Observable<any> | Promise<any> | any {","\t\treturn true;$0","\t}","}",""]},{"prefix":"ng-route-guard-canload","description":"CanLoad Guard Route","types":"typescript, html","body":["import { Injectable } from '@angular/core';","import { CanLoad, Route } from '@angular/router';","import { Observable } from 'rxjs/Observable';","","@Injectable()","export class ${CanLoad}Guard implements CanLoad {","\tcanLoad(","\t\t${route}: Route","\t): Observable<boolean> | Promise<boolean> | boolean {","\t\treturn true;$0","\t}","}",""]},{"prefix":"ng-route-guard-candeactivate","description":"CanDeactivate Guard Route","types":"typescript, html","body":["import { Injectable } from '@angular/core';","import { CanDeactivate, ActivatedRouteSnapshot, RouterStateSnapshot } from '@angular/router';","import { Observable } from 'rxjs/Observable';","","@Injectable()","export class ${CanDeactivate}Guard implements CanDeactivate<${T}> {","\tcanDeactivate(","\t\tcomponent: ${T},","\t\troute: ActivatedRouteSnapshot,","\t\tstate: RouterStateSnapshot","\t): Observable<boolean> | Promise<boolean> | boolean {","\t\treturn true;$0","\t}","}"]},{"prefix":"ng-if","description":"If directive: *ngIf=\"expression\"","types":"typescript, html","body":["*ngIf=\"${expression}\""]},{"prefix":"ng-if-else","description":"v4: If else directive: *ngIf=\"expression; else\"","types":"typescript, html","body":["<ng-container *ngIf=\"${expression}; else ${elseTemplate}\">","\t$1","</ng-container>","<ng-template #${elseTemplate}>","\t$2","</ng-template>","$0"]},{"prefix":"ng-if-then-else","description":"v4: If then else directive: *ngIf=\"expression; then; else\"","types":"typescript, html","body":["<ng-container *ngIf=\"${expression}; then ${thenTemplate}; else ${elseTemplate}\"></ng-container>","<ng-template #${thenTemplate}>","\t$1","</ng-template>","<ng-template #${elseTemplate}>","\t$2","</ng-template>","$0"]},{"prefix":"ng-for","description":"For-loop directive","types":"typescript, html","body":["*ngFor=\"let ${item} of ${items}\"$0"]},{"prefix":"ng-for-li","description":"For-loop directive with li element","types":"typescript, html","body":["<li *ngFor=\"let ${item} of ${items}\">$0</li>"]},{"prefix":"ng-for-index","description":"For-loop directive with index","types":"typescript, html","body":["*ngFor=\"let ${item} of ${items}; let i=index\"$0"]},{"prefix":"ng-for-trackBy","description":"For-loop directive with trackBy","types":"typescript, html","body":["*ngFor=\"let ${item} of ${items}; trackBy:${item}.id\"$0"]},{"prefix":"ng-class","description":"CSS class","types":"typescript, html","body":["[ngClass]=\"{'${class}': ${true}}\"$0"]},{"prefix":"ng-style","description":"CSS style","types":"typescript, html","body":["[ngStyle]=\"{'${property}': ${expression}}\"$0"]},{"prefix":"ng-switch","description":"Switch template","types":"typescript, html","body":["<span [ngSwitch]=\"\">","<p *ngSwitchCase=\"true\">","","</p>","<p *ngSwitchCase=\"false\">","","</p>","<p *ngSwitchDefault>","","</p>","</span>"]},{"prefix":"ng-property","description":"Property: [property]=\"expression\"","types":"typescript, html","body":["[${property}]=\"${expression}\"$0"]},{"prefix":"ng-event","description":"Event: (event) = \"onEvent()\"","types":"typescript, html","body":["(${event}) = \"on${Event}()\"$0"]},{"prefix":"ng-binding-oneway","description":"Property: [property]=\"expression\"","types":"typescript, html","body":["[${property}]=\"${expression}\"$0"]},{"prefix":"ng-binding-twoway","description":"Two-way data binding with the NgModel","types":"typescript, html","body":["[(ngModel)]=\"${Name}\"$0"]},{"prefix":"ng-interpolation","description":"Interpolation: {{ interpolation }}","types":"typescript, html","body":["{{ ${interpolation} }}$0"]},{"prefix":"ng-repeat","description":"Use ngFor instead.","types":"typescript, html","body":["*ngFor=\"let ${item} of ${items}\"$0"]},{"prefix":"ng-click","description":"Click event","types":"typescript, html","body":["(click)=\"${expression}\"$0"]},{"prefix":"ng-show","description":"Usage: Bind to the hidden property.","types":"typescript, html","body":["[hidden]=\"!${expression}\"$0"]},{"prefix":"ng-hide","description":"Usage: Bind to the hidden property.","types":"typescript, html","body":["[hidden]=\"${expression}\"$0"]},{"prefix":"ng-href","description":"Usage: Bind to the href property.","types":"typescript, html","body":["[href]=\"${url}\"$0"]},{"prefix":"ng-src","description":"Usage: Bind to the src property.","types":"typescript, html","body":["[src]=\"${url}\"$0"]},{"prefix":"ng-orderBy","description":"For performance reasons, no comparable pipe exists in Angular 2. Instead, use component code to order or sort results. If you need the same ordering or sorting code in several templates, consider building a custom pipe.","types":"typescript, html","body":["$0"]},{"prefix":"ng-filter","description":"For performance reasons, no comparable pipe exists in Angular 2. Do all your filtering in the component. If you need the same filtering code in several templates, consider building a custom pipe.","types":"typescript, html","body":["$0"]},{"prefix":"ng-button-submit","description":"A submit button element with a click event","types":"typescript, html","body":["<button type=\"submit\">${Submit}</button>","$0"]},{"prefix":"ng-button","description":"A button element with a click event","types":"typescript, html","body":["<button (click)=\"${onClick()}\">${name}</button>","$0"]},{"prefix":"ng-import","description":"import module or component from path;","types":"typescript, html","body":["import { ${2:moduleOrComponent} } from '${1:path}';","$0"]},{"prefix":"ng-http-get","description":"Http observable get request","types":"typescript, html","body":["this.http.get('${url}')","\t.map((res: Response) => {","\t\tres.json();","})$0"]},{"prefix":"ng-httpClient-get","description":"HttpClient observable get request","types":"typescript, html","body":["this.http.get('${url}')$0"]},{"prefix":"ng-http-get-post","description":"Http observable get & post request","types":"typescript, html","body":["get${Type}(): Observable<I${Type}[]> {","\treturn this.http.get(${name})","\t\t.map((res: Response) => <I${Type}[]>res.json())","\t\t.catch(this.handleError);","}","","add${Type}(${name}: string): Observable<I${Type}> {","\tlet body = JSON.stringify({ ${name} });","\tlet headers = new Headers({ 'Content-Type': 'application/json'});","\tlet options = new RequestOptions({ headers: headers });","","\treturn this.http.post(this.${url}, body, options)","\t\t.map(this.handleResponse)","\t.catch(this.handleError);","}","private handleError(error: Response) {","\tconsole.error(error);","\treturn Observable.throw(error.json().error || 'Server error');","}","$0"]},{"prefix":"ng-debug","description":"pre obj pipe json","types":"typescript, html","body":["<pre>{{ ${obj} | json }}</pre>$0"]},{"prefix":"ng-debug-async","description":"pre obj pipe async pipe json","types":"typescript, html","body":["<pre>{{ ${obj} | async | json }}</pre>$0"]},{"prefix":"fx-import","description":"Flex Layout Import","types":"typescript, html","body":["import { FlexLayoutModule } from '@angular/flex-layout';","// Add ${FlexLayoutModule.forRoot()} to the @NgModule imports section"]},{"prefix":"fx-row","description":"Flex Layout Row","types":"typescript, html","body":["<div fxLayout=\"row\" fxLayoutAlign=\"${1|start,center,end,space-around,space-between|} ${2|start,center,end,stretch|}\" fxLayoutGap=\"${gap}px\">","\t$0","</div>"]},{"prefix":"fx-layout","description":"Flex Layout Property","types":"typescript, html","body":["fxLayout=\"row\"$0"]},{"prefix":"fx-layout-align","description":"Flex Layout Align Property","types":"typescript, html","body":["fxLayoutAlign=\"${1|start,center,end,space-around,space-between|} ${2|start,center,end,stretch|}\"$0"]},{"prefix":"fx-layout-gap","description":"Flex Layout Gap Property","types":"typescript, html","body":["fxLayoutGap=\"${gap}px\"$0"]},{"prefix":"fx-row-reverse","description":"Flex Layout Reverse Row","types":"typescript, html","body":["<div fxLayout=\"row-reverse\" fxLayoutAlign=\"${1|start,center,end,space-around,space-between|} ${2|start,center,end,stretch|}\" fxLayoutGap=\"${gap}px\">","\t$0","</div>"]},{"prefix":"fx-col","description":"Flex Layout Column","types":"typescript, html","body":["fxLayout=\"column\" fxLayoutAlign=\"${1|start,center,end,space-around,space-between|} ${2|start,center,end,stretch|}\" fxLayoutGap=\"${gap}px\">$0"]},{"prefix":"fx-col-element","description":"Flex Layout Column with Element","types":"typescript, html","body":["<${1:div} fxLayout=\"column\" fxLayoutAlign=\"${2:|start,center,end,space-around,space-between|} ${4:|start,center,end,stretch|}\" fxLayoutGap=\"${gap}px\">","\t$0","</${1:div}>"]},{"prefix":"fx-col-reverse","description":"Flex Layout Reverse Column","types":"typescript, html","body":["<div fxLayout=\"column-reverse\" fxLayoutAlign=\"${1|start,center,end,space-around,space-between|} ${2|start,center,end,stretch|}\" fxLayoutGap=\"${gap}px\">","\t$0","</div>"]},{"prefix":"fx-item","description":"Flex Layout Item","types":"typescript, html","body":["<div fxFlex=\"${value}%\">","\t$0","</div>"]},{"prefix":"fx-item-offset","description":"Flex Layout Item with fxFlexOffset","types":"typescript, html","body":["<div fxFlex=\"${value}%\" fxFlexOffset=\"${offset}px\">","\t$0","</div>"]},{"prefix":"fx-item-order","description":"Flex Layout Item with fxFlexOrder","types":"typescript, html","body":["<div fxFlex=\"${value}%\" fxFlexOrder=\"${order}\">","\t$0","</div>"]},{"prefix":"fx-item-align","description":"Flex Layout Item with fxFlexAlign","types":"typescript, html","body":["<div fxFlex=\"${value}%\" fxFlexAlign=\"${1|start,baseline,center,end|}\">","\t$0","</div>"]},{"prefix":"fx-item-fill","description":"Flex Layout Item with fxFlexFill","types":"typescript, html","body":["<div fxFlex=\"${value}%\" fxFlexFill>","\t$0","</div>"]},{"prefix":"m-toolbar","description":"Material toolbar","types":"typescript, html","body":["<mat-toolbar>","\t<span>${FirstRow}</span>","</mat-toolbar>$0"]},{"prefix":"m-toolbar-row","description":"Material toolbar row","types":"typescript, html","body":["<mat-toolbar-row>","\t<span>${FirstRow}</span>","</mat-toolbar-row>$0"]},{"prefix":"m-toolbar-multiRow","description":"Material Toolbar with multiple rows","types":"typescript, html","body":["<mat-toolbar>","\t<span>${FirstRow}</span>","\t<mat-toolbar-row>","\t\t<span>${SecondRow}</span>","\t</mat-toolbar-row>","\t<mat-toolbar-row>","\t\t<span>${ThirdRow}</span>","\t</mat-toolbar-row>","</mat-toolbar>$0"]},{"prefix":"m-icon-fontawesome","description":"Material Font Awesome Icon","types":"typescript, html","body":["<mat-icon mat-font-icon=\"fa-${icon}\" class=\"fa\"></mat-icon>$0"]},{"prefix":"m-button","description":"Rectangular Material button w/ no elevation.","types":"typescript, html","body":["<button mat-button>${text}</button>$0"]},{"prefix":"m-button-raised","description":"Rectangular Material button w/ elevation.","types":"typescript, html","body":["<button mat-raised-button>${text}</button>$0"]},{"prefix":"m-button-icon","description":"Circular Material button with a transparent background","types":"typescript, html","body":["<button mat-icon-button>%{text}</button>$0"]},{"prefix":"m-button-fab","description":"Circular button w/ elevation.","types":"typescript, html","body":["<button mat-fab><mat-icon>${icon_name}</mat-icon></button>$0"]},{"prefix":"m-button-fab-mini","description":"Small circular button w/ elevation.","types":"typescript, html","body":["<button mat-mini-fab><mat-icon>${icon_name}</mat-icon></button>$0"]},{"prefix":"m-button-toggle","description":"Material toggle button","types":"typescript, html","body":["<mat-button-toggle>${text}</mat-button-toggle>$0"]},{"prefix":"m-card","description":"Material Basic Card","types":"typescript, html","body":["<mat-card>","\t$1","</mat-card>$0"]},{"prefix":"m-card-full","description":"Material Card","types":"typescript, html","body":["<mat-card>","\t<mat-card-header>","\t\t<mat-card-title>${title}</mat-card-title>","\t\t<mat-card-subtitle>${subtitle}</mat-card-subtitle>","\t</mat-card-header>","\t<mat-card-content>","\t$1","\t</mat-card-content>","\t<mat-card-actions>","\t\t<button mat-button>${Ok}</button>","\t</mat-card-actions>","</mat-card>$0"]},{"prefix":"m-radiobutton","description":"Material Radio Button","types":"typescript, html","body":["<mat-radio-group>","\t<mat-radio-button value=\"${value1}\">${Option1}</mat-radio-button>","\t<mat-radio-button value=\"${value2}\">${Option2}</mat-radio-button>","</mat-radio-group>$0"]},{"prefix":"m-radiobutton-option","description":"Material Radio Button Option","types":"typescript, html","body":["<mat-radio-button value=\"${value}\">${Option}</mat-radio-button>$0"]},{"prefix":"m-checkbox-ngmodel","description":"Material Checkbox ngmodel","types":"typescript, html","body":["<mat-checkbox [(ngModel)]=\"${property.checkedOrUnchecked}\">${text}</mat-checkbox>$0"]},{"prefix":"m-checkbox","description":"Material Checkbox","types":"typescript, html","body":["<mat-checkbox>${text}</mat-checkbox>$0"]},{"prefix":"m-datepicker","description":"Material Datepicker","types":"typescript, html","body":["<mat-form-field>","\t<input matInput [matDatepicker]=\"${picker}\" placeholder=\"${title}\">","\t\t<button matSuffix [matDatepickerToggle]=\"${picker}\"></button>","\t</mat-form-field>","<mat-datepicker #${picker}></mat-datepicker>$0"]},{"prefix":"m-input","description":"Material Input Textbox","types":"typescript, html","body":["<mat-form-field>","\t<input matInput placeholder=\"${label}\" value=\"${value}\">","</mat-form-field>$0"]},{"prefix":"m-chip-list","description":"Material Chip List","types":"typescript, html","body":["<mat-chip-list>","\t<mat-chip>${text}<mat-chip>","</mat-chip-list>$0"]},{"prefix":"m-chip-list-stacked","description":"Material Chip Stacked List","types":"typescript, html","body":["<mat-chip-list class=\"mat-chip-list-stacked\">","\t<mat-chip>${text}<mat-chip>","</mat-chip-list>$0"]},{"prefix":"m-chip","description":"Material Chip","types":"typescript, html","body":["<mat-chip>${text}<mat-chip>$0"]},{"prefix":"m-select","description":"Material Select","types":"typescript, html","body":["<mat-select placeholder=\"${Placeholder}\" [(ngModel)]=\"selectedValue\" name=\"${item}\">","\t<mat-option *ngFor=\"let ${item} of ${items}\" [value]=\"${item}.value\">","\t\t{{${item}.viewValue}}","\t</mat-option>","</mat-select>$0"]},{"prefix":"m-icon-svg","description":"Material SVG Icon","types":"typescript, html","body":["<mat-icon svgIcon=\"${src}\"></mat-icon>$0"]},{"prefix":"m-icon","description":"Material Icon","types":"typescript, html","body":["<mat-icon>${icon}</mat-icon>$0"]},{"prefix":"m-icon-badge","description":"Material Icon with a Badge","types":"typescript, html","body":["<mat-icon","\tcolor=\"primary\"","\tmatBadge=\"${number}\"","\tmatBadgePosition=\"${2|above,below|} ${3|after,before|}\"","\tmatBadgeColor=\"accent\">","\t\t${icon}","</mat-icon>$0"]},{"prefix":"m-slide-toggle","description":"Material Slide toggle","types":"typescript, html","body":["<mat-slide-toggle>${text}</mat-slide-toggle>$0"]},{"prefix":"m-slider","description":"Material Slider","types":"typescript, html","body":["<mat-slider min=\"${min}\" max=\"${max}\" step=\"${step}\" value=\"${value}\"></mat-slider>$0"]},{"prefix":"m-slider-vertical","description":"Material Vertical Slider","types":"typescript, html","body":["<mat-slider vertical min=\"${min}\" max=\"${max}\" step=\"${step}\" value=\"${value}\"></mat-slider>$0"]},{"prefix":"m-slider-thumbLabel","description":"Material Slider thumbLabel","types":"typescript, html","body":["<mat-slider thumbLabel tickInterval=\"${interval}\"></mat-slider>$0"]},{"prefix":"m-slider-tickInterval","description":"Material Slider tickInterval","types":"typescript, html","body":["<mat-slider step=\"${step}\" tickInterval=\"${interval}\"></mat-slider>$0"]},{"prefix":"m-slider-tickInterval-auto","description":"Material Slider tickInterval Auto","types":"typescript, html","body":["<mat-slider tickInterval=\"auto\"></mat-slider>$0"]},{"prefix":"m-list","description":"Material List","types":"typescript, html","body":["<mat-list>","\t<mat-list-item>${item}</mat-list-item>$1","</mat-list>$0"]},{"prefix":"m-list-ngfor","description":"Material List ngFor","types":"typescript, html","body":["<mat-list>","\t<mat-list-item *ngFor=\"let ${item} of ${items}\">{{ ${item} }}</mat-list-item>$1","</mat-list>$0"]},{"prefix":"m-list-item","description":"Material List Item","types":"typescript, html","body":["<mat-list-item>${item}</mat-list-item>$0"]},{"prefix":"m-tab-group","description":"Material Tab Group","types":"typescript, html","body":["<mat-tab-group>","\t<mat-tab label=\"${TabHeader1}\">$1</mat-tab>","\t<mat-tab label=\"${TabTabHeader2}\">$2</mat-tab>","</mat-tab-group>$0"]},{"prefix":"m-tab","description":"Material Tab","types":"typescript, html","body":["<mat-tab label=\"${TabHeader}\">$1</mat-tab>$0"]},{"prefix":"m-tooltip","description":"Material Tooltip","types":"typescript, html","body":["matTooltip=\"${text}\"$0"]},{"prefix":"m-tooltip-position","description":"Material Tooltip position","types":"typescript, html","body":["[matTooltipPosition]=\"${1|above,below,left,right,before,after|}\"$0"]},{"prefix":"m-tooltip-with-position","description":"Material Tooltip with position","types":"typescript, html","body":["matTooltip=\"${text}\" [matTooltipPosition]=\"${1|above,below,left,right,before,after|}\"$0"]},{"prefix":"m-table","description":"Material Table","types":"typescript, html","body":["<mat-table #table [dataSource]=\"${dataSource}\">","\t<ng-container cdkColumnDef=\"${column}\">","\t\t<mat-header-cell *cdkHeaderCellDef> ${header} </mat-header-cell>","\t\t<mat-cell *cdkCellDef=\"let row\"> {{row.${column}}} </mat-cell>","\t</ng-container>","</mat-table>$0"]},{"prefix":"m-table-column","description":"Material Table Column","types":"typescript, html","body":["<ng-container cdkColumnDef=\"${column}\">","\t<mat-header-cell *cdkHeaderCellDef> ${header} </mat-header-cell>","\t<mat-cell *cdkCellDef=\"let row\"> {{row.${column}}} </mat-cell>","</ng-container>$0"]},{"prefix":"m-grid-list","description":"Material Grid List","types":"typescript, html","body":["<mat-grid-list cols=\"${cols}\" rowHeight=\"${height}px\">","\t<mat-grid-tile","\t\t*ngFor=\"let ${tile} of ${tiles}\"","\t\t[colspan]=\"${tile}.cols\"","\t\t[rowspan]=\"${tile}.rows\"","\t\t{{${tile}.text}}","\t</mat-grid-tile>","</mat-grid-list>$0"]},{"prefix":"m-paginator","description":"Material Paginator","types":"typescript, html","body":["<mat-paginator [length]=\"${length}\"","\t[pageSize]=\"${pageSize}\"","\t[pageSizeOptions]=\"${pageSizeOptions}\"","\t(page)=\"pageEvent = $${event}\">","</mat-paginator>$0"]},{"prefix":"m-spinner","description":"Material Determinate Spinner","types":"typescript, html","body":["<mat-spinner","\t[value]=\"${value}\">","</mat-spinner>$0"]},{"prefix":"m-progress-bar-indeterminate","description":"Material indeterminate Progress Bar","types":"typescript, html","body":["<mat-progress-bar","\tmode=\"indeterminate\"","</mat-progress-bar>$0"]},{"prefix":"m-progress-bar-query","description":"Material Query Progress Bar","types":"typescript, html","body":["<mat-progress-bar","\tmode=\"query\"","</mat-progress-bar>$0"]},{"prefix":"m-progress-bar-buffer","description":"Material Buffer Progress Bar","types":"typescript, html","body":["<mat-progress-bar","\tmode=\"buffer\"","\t[color]=\"${color}\"","\t[value]=\"${value}\"","\t[bufferValue]=\"${bufferValue}\"","</mat-progress-bar>$0"]},{"prefix":"m-progress-bar","description":"Material Determinate Progress Bar","types":"typescript, html","body":["<mat-progress-bar","\tmode=\"determinate\"","\t[value]=\"${value}\">","</mat-progress-bar>$0"]},{"prefix":"m-expansion-panel","description":"Material Expansion Panel","types":"typescript, html","body":["<mat-expansion-panel>","\t<mat-expansion-panel-header>","\t\t${title}","\t</mat-expansion-panel-header>","\t${content}","</mat-expansion-panel>$0"]},{"prefix":"m-stepper-vertical","description":"Material Vertical Stepper","types":"typescript, html","body":["<mat-vertical-stepper>","\t<mat-step label=\"${label1}\">","\t\t$1","\t</mat-step>","\t<mat-step label=\"${label2}\">","\t\t$2","\t</mat-step>","</mat-vertical-stepper>$0"]},{"prefix":"m-stepper-horizontal","description":"Material Horizontal Stepper","types":"typescript, html","body":["<mat-horizontal-stepper>","\t<mat-step label=\"${label1}\">","\t\t$1","\t</mat-step>","\t<mat-step label=\"${label2}\">","\t\t$2","\t</mat-step>","</mat-horizontal-stepper>$0"]},{"prefix":"m-step","description":"Material Vertical Stepper","types":"typescript, html","body":["<mat-step label=\"${label}\">","\t$1","</mat-step>","$0"]},{"prefix":"m-spinner-indeterminate","description":"Material Indeterminate Spinner","types":"typescript, html","body":["<mat-spinner","\t[mode]=\"indeterminate\">","</mat-spinner>$0"]},{"prefix":"m-divider","description":"Material Divider","types":"typescript, html","body":["<mat-divider>","</mat-divider>$0"]},{"prefix":"m-divider-inset","description":"Material Inset Divider","types":"typescript, html","body":["<mat-divider","\t[inset]=\"true\">","</mat-divider>$0"]},{"prefix":"m-divider-vertical","description":"Material Vertical Divider","types":"typescript, html","body":["<mat-divider","\t[vertical]=\"true\">","</mat-divider>$0"]},{"prefix":"pwa-link-manifest","description":"PWA Link Manifest","types":"html","body":["<link rel=\"manifest\" href=\"./manifest.json\">$0"]}]
