[{"prefix":"rx-import-all","description":"RxJS import the entire core set of functionality","types":"typescript, javascript","body":["import Rx from 'rxjs/Rx';","$0"]},{"prefix":"rx-import-observable","description":"RxJS Import Observable","types":"typescript, javascript","body":["import { Observable } from 'rxjs/Observable';","$0"]},{"prefix":"rx-import-add-observable","description":"RxJS Import Observable","types":"typescript, javascript","body":["import 'rxjs/add/observable/${1:of}';","$0"]},{"prefix":"rx-import-operator","description":"RxJS Import Add Operator","types":"typescript, javascript","body":["import { ${1:switchMap} } from 'rxjs/operators';","$0"]},{"prefix":"sw-register","description":"Register Service Worker","types":"typescript, javascript","body":["if ('serviceWorker' in navigator) {","\twindow.addEventListener('load', () => {","\tnavigator.serviceWorker.register('/sw.js');","});","}$0"]},{"prefix":"sw-register-and-check","description":"Register Service Worker and Check","types":"typescript, javascript","body":["if ('serviceWorker' in navigator) {","if('serviceWorker' in window.navigator) {","\twindow.addEventListener('load', () => {","\t\twindow.navigator.serviceWorker.register('/sw.js', { scope: '/' }).then((registration) => {","\t\t\tconsole.log('ServiceWorker registration successful with scope: ', registration.scope);","\t\t}).catch((error) => {","\t\t\tconsole.error('ServiceWorker registration failed: ', error);","\t\t});","\t});","}$0"]}]
